No10_Canadian_Stationary_Hospital,Assistant_Director_of_Medical_Services,London<br>
No10_Canadian_Stationary_Hospital,A.M.C._Training_Depot_No.1,London_Ontario<br>
No10_Canadian_Stationary_Hospital,A.M.C._Training_Depot_No.1,London_Ontario<br>
No10_Canadian_Stationary_Hospital,A.M.C._Training_Depot_No.1,London_Ontario<br>
No10_Canadian_Stationary_Hospital,A.M.C._Training_Depot_No.1,London_Ontario<br>
No10_Canadian_Stationary_Hospital,Engineer_Training_Depot,Ottawa<br>
No10_Canadian_Stationary_Hospital,135th_Overseas_Battalion,London_Ontario<br>
No10_Canadian_Stationary_Hospital,91st_Overseas_Battalion<br>,
Shore_Hospital_Halifax,No10_Canadian_Stationary_Hospital<br>,
Canadian_Stationary_Hospital_StMartins_Plain,No10_Canadian_Stationary_Hospital<br>,
Canadian_School_of_Cookery,No10_Canadian_Stationary_Hospital<br>,
Granville_Canadian_Special_Hospital_Ramsgate,No10_Canadian_Stationary_Hospital<br>,
Canadian_Cavalry_Corps,No10-Canadian_Stationary_Hospital<br>,
Moore_Barracks_Canadian_Hospital,No10_Canadian_Stationary_Hospital<br>,
Shorncliffe_Military_Hospital,No10_Canadian_Stationary_Hospital<br>,
ADMS_Canadians_Folkestone,No10_Canadian_Stationary_Hospital<br>,
Pay_Office_London,No10_Canadian_Stationary_Hospital<br>,
Canadian_Mobile-Laboratory,Moore_Barracks_Hospital<br>,
Moore_Barracks_Canadian_Hospital,No10_Canadian_Stationary_Hospital<br>,
Canadian_Red_Cross_Special_Hospital,No10_Canadian_Stationary_Hospital<br>,
No10_Canadian_Stationary_Hospital,Moore_Barracks_Canadian_Hospital<br>,
Red_Cross_Convalescent_Hospital,No10_Canadian_Stationary_Hospital<br>,
Ontario_Military_Hospital_Orpington,No10_Canadian_Stationary_Hospital<br>,
No10_Canadian_Stationary_Hospital,Canadian_Cookery_School<br>,
Moore_Barracks_Canadian_Hospital,No10_Canadian_Stationary_Hospital<br>,
Chyngton_Camp,No10_Canadian_Stationary_Hospital<br>,
103rd_Battalion,No10_Canadian_Stationary_Hospital<br>,
No10_Canadian_Stationary_Hospital,Canadian_Red_Cross_Special_Hospital<br>,
No10_Canadian_Stationary_Hospital,Moore_Barracks_Canadian_Hospital<br>,
Moore_Barracks_Canadian_Hospital,No10_Canadian_Stationary_Hospital<br>,
No10_Canadian_Stationary_Hospital,CAMC_Training_Depot<br>,
Seaside_Convalescent_Hospital,No10_Canadian_Stationary_Hospital<br>,
Ravenscroft_Hospital,No10_Canadian_Stationary_Hospital<br>,
Canadian_Military_Hospital_Eastbourne,All_Saints_Hospital_Eastbourne<br>,
Canadian_Military_Hospital_Eastbourne,No10_Canadian_Stationary_Hospital<br>,
Canadian_Military_Hospital_Eastbourne,No10_Canadian_Stationary_Hospital<br>,
No10_Canadian_Stationary_Hospital,Moore_Barracks_Canadian_Hospital<br>,
No10_Canadian_Stationary_Hospital,Canadian_Convalescent_Hospital_Yearwood_Park<br>,
No10_Canadian_Stationary_Hospital,No9_Canadian_Stationary_Hospital<br>,
No10_Canadian_Stationary_Hospital,West_Cliff_Canadian_Hospital<br>,
No10_Canadian_Stationary_Hospital,CAMC_Training_School<br>,
6th_Reserve_Battalion,No10_Canadian_Stationary_Hospital<br>,
CAMC_Training_School,No10_Canadian_Stationary_Hospital<br>,
No10_Canadian_Stationary_Hospital,Canadian_Pay_Office<br>,
No10_Canadian_Stationary_Hospital,Canadian_Military_Police<br>,
No10_Canadian_Stationary_Hospital,DAMDS_Canadians<br>,
No10_Canadian_Stationary_Hospital,Canadian_Army_Dental_Corps<br>,
Daughters_of_the_Empire_Canadian_Red_Cross_Hospital_for_Officers,No10_Canadian_Stationary_Hospital<br>,
No10_Canadian_Stationary_Hospital,Kings_Canadian_Red_Cross_Hospital<br>,
No10_Canadian_Stationary_Hospital,CAMC_Depot<br>,
No10_Canadian_Stationary_Hospital,DAMDS_Canadians<br>,
Overseas,No10_Canadian_Stationary_Hospital,
No10_Canadian_Stationary_Hospital,Eastern_Ontario_Regimental_Depot<br>,
No10_Canadian_Stationary_Hospital,Canadian_Army_Dental_Corps<br>,
CAMC_Depot,No10_Canadian_Stationary_Hospital<br>,
Eastern_Ontario_Regimental_Depot,No10_Canadian_Stationary_Hospital<br>,
No10_Canadian_Stationary_Hospital,CAMC_Depot<br>,
No10_Canadian_Stationary_Hospital,CAMC_Depot<br>,
No10_Canadian_Stationary_Hospital,DADMS<br>,
Daughters_of_the_Empire_Red_Cross_Hospital_for_Officers,No10_Canadian_Stationary_Hospital<br>,
No10_Canadian_Stationary_Hospital,CAMC_Depot<br>,
Bramshott,No10_Canadian_Stationary_Hospital<br>,
No10_Canadian_Stationary_Hospital,Canadian_Army_Dental_Corps<br>,
CAMC_Depot,No10_Canadian_Stationary_Hospital<br>,
No10_Canadian_Stationary_Hospital,Eastern_Ontario_Regimental_Depot<br>,
No10_Canadian_Stationary_Hospital,BC_Regimental_Depot<br>,
HMHS_Leticia,No10_Canadian_Stationary_Hospital<br>,
No10_Canadian_Stationary_Hospital,CAMC_Depot<br>,
No10_Canadian_Stationary_Hospital,CASC<br>,
CAMC_Depot,No10_Canadian_Stationary_Hospital<br>,
No10_Canadian_Stationary_Hospital,CAMC_Depot<br>,
Eastern_Ontario_Regimental_Depot,No10_Canadian_Stationary_Hospital<br>,
No10_Canadian_Stationary_Hospital,Eastern_Ontario_Regimental_Depot<br>,
Littlecourt,Hawkswick<br>,
CAMC_Depot,No10_Canadian_Stationary_Hospital<br>,
No10_Canadian_Stationary_Hospital,CAMC_Depot<br>,
No10_Canadian_Stationary_Hospital,Princess_Patricia_Canadian_Red_Cross_Special_Hospital<br>,
Royal_Artillery_Cadet_School,No10_Canadian_Stationary_Hospital<br>,
No10_Canadian_Stationary_Hospital,CAMC_Depot<br>,
No10_Canadian_Stationary_Hospital,CAMC_Depot<br>,
No10_Canadian_Stationary_Hospital,CAMC_Depot<br>,
No10_Canadian_General_Hospital,Canadian_Military_Hospital_Basingstroke<br>,
CAMC_Depot,No10_Canadian_Stationary_Hospital<br>,
CAMC_Depot,No10_Canadian_Stationary_Hospital<br>,
No10_Canadian_Stationary_Hospital,CAMC_Depot<br>,
No10_Canadian_Stationary_Hospital,CAMC_Depot<br>,
Summerdown_Convalescent_Camp,No10_Canadian_Stationary_Hospital<br>,
No10_Canadian_Stationary_Hospital,West_Cliff_Canadian_Hospital<br>,
DAMDS_Canadians,No10_Canadian_Stationary_Hospital<br>,
No10_Canadian_Stationary_Hospital,CAMC_Depot<br>,
CAMC_Depot,No10_Canadian_Stationary_Hospital<br>,
No10_Canadian_Stationary_Hospital,CAMC_Depot<br>,
No10_Canadian_Stationary_Hospital,CAMC_Depot<br>,
Canadian_Military_Hospital_Eastbourne,No10_Canadian_Stationary_Hospital<br>,
CAMC_Depot,No10_Canadian_Stationary_Hospital<br>,
CAMC_Depot,No10_Canadian_Stationary_Hospital<br>,
No10_Canadian_Stationary_Hospital,Canadian_Military_Hospital_Eastbourne<br>,
Headquarters_Seaford,No10_Canadian_Stationary_Hospital<br>,
No10_Canadian_Stationary_Hospital,CAMC_Depot<br>,
No10_Canadian_Stationary_Hospital,Granville_Canadian_Special_Hospital<br>,
No10_Canadian_Stationary_Hospital,CAMC_Depot<br>,
No10_Canadian_Stationary_Hospital,Granville_Canadian_Special_Hospital<br>,
No14_Canadian_General_Hospital,No10_Canadian_Stationary_Hospital<br>,
No14_Canadian_General_Hospital,No10_Canadian_Stationary_Hospital<br>,
No14_Canadian_General_Hospital,CAMC_Depot<br>,
No14_Canadian_General_Hospital,CAMC_Depot<br>,
Granville_Canadian_Special_Hospital,No14_Canadian_General_Hospital<br>,
No14_Canadian_General_Hospital,CAMC_Depot<br>,
No14_Canadian_General_Hospital,No10_Canadian_Stationary_Hospital<br>,
No14_Canadian_General_Hospital,No10_Canadian_Stationary_Hospital<br>,
No14_Canadian_General_Hospital,No10_Canadian_Stationary_Hospital<br>,
No14_Canadian_General_Hospital,CAMC_Depot<br>,
No14_Canadian_General_Hospital,DADMS_Shoreham<br>,
DADMS_Seaford,No14_Canadian_General_Hospital<br>,
No14_Canadian_General_Hospital,CAMC_Depot<br>,
No14_Canadian_General_Hospital,CAMC_Depot<br>,
Overseas,No14_Canadian_General_Hospital<br>,
CAMC_Depot,No14_Canadian_General_Hospital<br>,
No15_Canadian_General_Hospital,No14_Canadian_General_Hospital<br>,
No12_Canadian_General_Hospital,No14_Canadian_General_Hospital<br>,
CAMC_Depot,No14_Canadian_General_Hospital<br>,
No5_Canadian_General_Hospital,No14_Canadian_General_Hospital<br>,
No14_Canadian_General_Hospital,CAMC_Depot<br>,
CAMC_Depot,No14_Canadian_General_Hospital<br>,
CAMC_Depot,No14_Canadian_General_Hospital<br>,
CAMC_Depot,No14_Canadian_General_Hospital<br>,
Overseas,No14_Canadian_General_Hospital<br>,
No14_Canadian_General_Hospital,CAMC_Depot<br>,
No14_Canadian_General_Hospital,No16_Canadian_General_Hospital<br>,
No14_Canadian_General_Hospital,DADMS_Seaford<br>,
Granville_Canadian_Special_Hospital,No14_Canadian_General_Hospital<br>,
No10_Canadian_Stationary_Hospital,No14_Canadian_General_Hospital<br>,
No10_Canadian_Stationary_Hospital,No14_Canadian_General_Hospital<br>,
No10_Canadian_Stationary_Hospital,No14_Canadian_General_Hospital<br>,
No14_Canadian_General_Hospital,No10_Canadian_Stationary_Hospital<br>,
No14_Canadian_General_Hospital,CAMC_Depot<br>,
Overseas,No10_Canadian_Stationary_Hospital<br>,
Basingstroke,No14_Canadian_General_Hospital<br>,
No14_Canadian_General_Hospital,No10_Canadian_Stationary_Hospital<br>,
No14_Canadian_General_Hospital,No10_Canadian_Stationary_Hospital<br>,
No14_Canadian_General_Hospital,EORD_Seaford<br>,
No14_Canadian_General_Hospital,CAMC_Depot<br>,
No14_Canadian_General_Hospital,CAMC_Depot<br>,
No14_Canadian_General_Hospital,CAMC_Depot<br>,
No14_Canadian_General_Hospital,Canadian_Convalescent_Hospital_Bromley<br>,
No14_Canadian_General_Hospital,CAPC<br>,
No14_Canadian_General_Hospital,CAMC_Depot<br>,
No14_Canadian_General_Hospital,CAMC_Depot<br>,
CAMC_Depot,No14_Canadian_General_Hospital<br>,
No14_Canadian_General_Hospital,CETD<br>,
No14_Canadian_General_Hospital,CAMC_Depot<br>,
Headquarters,No14_Canadian_General_Hospital<br>,
No14_Canadian_General_Hospital,CAMC_Depot<br>,
CAMC_Depot,No14_Canadian_General_Hospital<br>,
No14_Canadian_General_Hospital,CAMC_Depot<br>,
No14_Canadian_General_Hospital,CAMC_Depot<br>,
CAMC_Depot,No14_Canadian_General_Hospital<br>,
No14_Canadian_General_Hospital,CAMC_Depot<br>,
No14_Canadian_General_Hospital,No10_Canadian_Stationary_Hospital<br>,
CAMC_Depot,No14_Canadian_General_Hospital<br>,
No14_Canadian_General_Hospital,CAMC_Depot<br>,
No14_Canadian_General_Hospital,CAMC_Depot<br>,
CAMC_Depot,Summerdown_Convalescent_Camp<br>,
CAMC_Depot,No14_Canadian_General_Hospital<br>,
No14_Canadian_General_Hospital,BC_Regimental_Depot<br>,
No14_Canadian_General_Hospital,CAMC_Depot<br>,
CETD_Seaford,No14_Canadian_General_Hospital<br>,
No14_Canadian_General_Hospital,CAMC_Depot<br>,
No14_Canadian_General_Hospital,CAMC_Depot<br>,
No14_Canadian_General_Hospital,CAMC_Depot<br>,
CAMC_Depot,No14_Canadian_General_Hospital<br>,
Canadian_Military_Hospital_Eastbourne,No14_Canadian_General_Hospital<br>,
No14_Canadian_General_Hospital,CAMC_Depot<br>,
No14_Canadian_General_Hospital,CAMC_Depot<br>,
No14_Canadian_General_Hospital,CAMC_Depot<br>,
CAMC_Depot,No14_Canadian_General_Hospital<br>,
CAMC_Depot,No14_Canadian_General_Hospital<br>,
CAMC_Depot,No14_Canadian_General_Hospital<br>,
No14_Canadian_General_Hospital,CASC_Seaford<br>,
Ravenscroft_Military_Hospital,BC_Regiment_No8<br>,
No14_Canadian_General_Hospital,CAMC_Depot<br>,
No14_Canadian_General_Hospital,CAMC_Depot<br>,
No14_Canadian_General_Hospital,CAMC_Depot<br>,
DADMS_Seaford,No14_Canadian_General_Hospital<br>,
No14_Canadian_General_Hospital,CAMC_Depot<br>,
No14_Canadian_General_Hospital,CAMC_Depot<br>,
Canadian_Military_Hospital_Eastbourne,No14_Canadian_General_Hospital<br>,
CAMC_Depot,No14_Canadian_General_Hospital<br>,
No14_Canadian_General_Hospital,CASC_Seaford<br>,
CAMC_Depot,No14_Canadian_General_Hospital<br>,
CAMC_Depot,No14_Canadian_General_Hospital<br>,
CAMC_Depot,No14_Canadian_General_Hospital<br>,
No14_Canadian_General_Hospital,No1_Canadian_General_Laboratory<br>,
No14_Canadian_General_Hospital,CERD<br>,
No14_Canadian_General_Hospital,CETD<br>,
Headquarters,No14_Canadian_General_Hospital<br>,
CETD,No14_Canadian_General_Hospital<br>,
CASC_Seaford,No14_Canadian_General_Hospital<br>,
CASC_Seaford,No14_Canadian_General_Hospital<br>,
Canadian_Trench_Warfare_School,No14_Canadian_General_Hospital<br>,
No14_Canadian_General_Hospital,CAMC_Depot<br>,
No14_Canadian_General_Hospital,CAMC_Depot<br>,
No14_Canadian_General_Hospital,CAMC_Depot<br>,
CAMC_Depot,No14_Canadian_General_Hospital<br>,
No14_Canadian_General_Hospital,CASC_Seaford<br>,
No14_Canadian_General_Hospital,CADC<br>,
No14_Canadian_General_Hospital,CAMC_Depot<br>,
CAMC_Depot,No14_Canadian_General_Hospital<br>,
CAMC_Depot,No14_Canadian_General_Hospital<br>,
CAMC_Depot,No14_Canadian_General_Hospital<br>,
No14_Canadian_General_Hospital,CASC_Seaford<br>,
CAMC_Depot,No14_Canadian_General_Hospital<br>,
No14_Canadian_General_Hospital,CAMC_Depot<br>,
CAMC_Depot,No14_Canadian_General_Hospital<br>,
No14_Canadian_General_Hospital,CAMC_Depot<br>,
No14_Canadian_General_Hospital,CAMC_Depot<br>,
CAMC_Depot,No14_Canadian_General_Hospital<br>,
CAMC_Depot,No14_Canadian_General_Hospital<br>,
No14_Canadian_General_Hospital,CASC_Seaford<br>,
No14_Canadian_General_Hospital,CETD_Seaford<br>,
No14_Canadian_General_Hospital,CASC_Seaford<br>,
CASC_Seaford,No14_Canadian_General_Hospital<br>,
CETD_Seaford,No14_Canadian_General_Hospital<br>,
CASC_Seaford,No14_Canadian_General_Hospital<br>,
No14_Canadian_General_Hospital,CAMC_Depot<br>,
No14_Canadian_General_Hospital,CAMC_Depot<br>,
CAMC_Depot,No14_Canadian_General_Hospital<br>,
CAMC_Depot,No14_Canadian_General_Hospital<br>,
No14_Canadian_General_Hospital,CAMC_Depot<br>,
No14_Canadian_General_Hospital,CAMC_Depot<br>,
CAMC_Depot,No14_Canadian_General_Hospital<br>,
CAMC_Depot,No14_Canadian_General_Hospital<br>,
CAMC_Depot,No14_Canadian_General_Hospital<br>,
No14_Canadian_General_Hospital,CAMC_Depot<br>,
CAMC_Depot,No14_Canadian_General_Hospital<br>,
CAMC_Depot,No14_Canadian_General_Hospital<br>,
No14_Canadian_General_Hospital,CERD_Seaford<br>,
CAPC,No14_Canadian_General_Hospital<br>,
No14_Canadian_General_Hospital,CAMC_Depot<br>,
No14_Canadian_General_Hospital,CETD<br>,
No14_Canadian_General_Hospital,CAMC_Depot<br>,
CAMC_Depot,No14_Canadian_General_Hospital<br>,
Granville_Canadian_Special_Hospital,No14_Canadian_General_Hospital<br>,
CAMC_Depot,No14_Canadian_General_Hospital<br>,
CAMC_Depot,No14_Canadian_General_Hospital<br>,
DADMS_Seaford,No14_Canadian_General_Hospital<br>,
No14_Canadian_General_Hospital,CAMC_Depot<br>,
No14_Canadian_General_Hospital,CAMC_Depot<br>,
CAMC_Depot,No14_Canadian_General_Hospital<br>,
CAMC_Depot,No14_Canadian_General_Hospital<br>,
No14_Canadian_General_Hospital,CAMC_Depot<br>,
No14_Canadian_General_Hospital,CAPC<br>,
No14_Canadian_General_Hospital,CAMC_Depot<br>,
No14_Canadian_General_Hospital,CAMC_Depot<br>,
No14_Canadian_General_Hospital,CAMC_Depot<br>,
No14_Canadian_General_Hospital,Depot_No6_Seaford<br>,
CAMC_Depot,No14_Canadian_General_Hospital<br>,
CAMC_Depot,No14_Canadian_General_Hospital<br>,
No14_Canadian_General_Hospital,CERD<br>,
No14_Canadian_General_Hospital,CAMC_Depot<br>,
CAMC_Depot,No14_Canadian_General_Hospital<br>,
CAMC_Depot,No14_Canadian_General_Hospital<br>,
CAMC_Depot,No14_Canadian_General_Hospital<br>,
No15_Canadian_General_Hospital,No14_Canadian_General_Hospital<br>,
CAMC_Depot,No14_Canadian_General_Hospital<br>,
No14_Canadian_General_Hospital,CAMC_Depot<br>,
No14_Canadian_General_Hospital,CAMC_Depot<br>,
18th_Canadian_Reserve_Battalion,No14_Canadian_General_Hospital<br>,
CAMC_Depot,No14_Canadian_General_Hospital<br>,
Headquarters,No14_Canadian_General_Hospital<br>,
CAMC_Depot,No14_Canadian_General_Hospital<br>,
CAMC_Depot,No14_Canadian_General_Hospital<br>,
CAMC_Depot,No14_Canadian_General_Hospital<br>,
CAMC_Depot,No14_Canadian_General_Hospital<br>,
Granville_Canadian_Special_Hospital,No14_Canadian_General_Hospital<br>,
CAMC_Depot,No14_Canadian_General_Hospital<br>,
No14_Canadian_General_Hospital,CAMC_Depot<br>,
No14_Canadian_General_Hospital,CAMC_Depot<br>,
No14_Canadian_General_Hospital,CAMC_Depot<br>,
CAMC_Depot,No14_Canadian_General_Hospital<br>,
CAMC_Depot,No14_Canadian_General_Hospital<br>,
No16_Canadian_General_Hospital,No14_Canadian_General_Hospital<br>,
No14_Canadian_General_Hospital,No15_Canadian_General_Hospital<br>,
CAMC_Casaulty_Depot,No14_Canadian_General_Hospital<br>,
No14_Canadian_General_Hospital,No3_Canadian_CCS<br>,
No14_Canadian_General_Hospital,CAMC_Depot<br>,
Granville_School_of_Massage,No14_Canadian_General_Hospital<br>,
CAMC_Casualty_Depot,No14_Canadian_General_Hospital<br>,
No14_Canadian_General_Hospital,CAMC_Depot<br>,
No14_Canadian_General_Hospital,No2_Canadian_General_Hospital<br>,
CAMC_Depot,No14_Canadian_General_Hospital<br>,
No12_Canadian_General_Hospital,No14_Canadian_General_Hospital<br>,
No14_Canadian_General_Hospital,CAMC_Depot<br>,
CAMC_Casaulty_Depot,No14_Canadian_General_Hospital<br>,
No14_Canadian_General_Hospital,CAMC_Depot<br>,
CAMC_Casaulty_Depot,No14_Canadian_General_Hospital<br>,
CAMC_Regimental_Depot,No14_Canadian_General_Hospital<br>,
No14_Canadian_General_Hospital,CAMC_Regimental_Depot<br>,
Overseas,No14_Canadian_General_Hospital<br>,
No14_Canadian_General_Hospital,CAMC_Regimental_Depot<br>,
CAMC_Regimental_Depot,No14_Canadian_General_Hospital<br>,
No14_Canadian_General_Hospital,Regimental_Depots_Seaford<br>,
Regimental_Depots_Seaford,No14_Canadian_General_Hospital<br>,
No14_Canadian_General_Hospital,Regimental_Depots_Seaford<br>,
CAMC_Reserve_and_Training_Depot,No14_Canadian_General_Hospital<br>,
No14_Canadian_General_Hospital,No3_CCB<br>,
No14_Canadian_General_Hospital,CAMC_Regimental_Depot<br>,
CAMC_Casualty_Depot,No14_Canadian_General_Hospital<br>,
No14_Canadian_General_Hospital,CAMC_Regimental_Depot<br>,
CTB_Bexhill,No14_Canadian_General_Hospital<br>,
No13_Canadian_General_Hospital,No14_Canadian_General_Hospital<br>,
No14_Canadian_General_Hospital,No13_Canadian_General_Hospital<br>,
No14_Canadian_General_Hospital,CAMC_Depot<br>,
CAMC_Training_and_Reserve_Depot,No14_Canadian_General_Hospital<br>,
No14_Canadian_General_Hospital,No13_Canadian_General_Hospital<br>,
CAMC_Reserve_and_Training_Depot,No14_Canadian_General_Hospital<br>,
No13_Canadian_General_Hospital,No14_Canadian_General_Hospital<br>,
No14_Canadian_General_Hospital,CAMC_Reserve_and_Training_Depot<br>,
No14_Canadian_General_Hospital,Regimental_Depots_Seaford<br>,
No14_Canadian_General_Hospital,CAMC_Regimental_Depot<br>,
No14_Canadian_General_Hospital,CAMC_RegimentaL_Depot<br>,
No14_Canadian_General_Hospital,CAMC_Regimental_Depot<br>,
No16_Canadian_General_Hospital,No14_Canadian_General_Hospital<br>,
CAMC_Regimental_Depot,No14_Canadian_General_Hospital<br>,
No14_Canadian_General_Hospital,CAMC_Regimental_Depot<br>,
No14_Canadian_General_Hospital,Regimental_Depots_Seaford<br>,
No14_Canadian_General_Hospital,CAMC_Reserve_and_Training_Depot<br>,
No14_Canadian_General_Hospital,CAMC_Reserve_and_Training_Depot<br>,
No10_Canadian_General_Hospital,No14_Canadian_General_Hospital<br>,
No10_Canadian_General_Hospital,No14_Canadian_General_Hospital<br>,
CAMC_Regimental_Depot,No14_Canadian_General_Hospital<br>,
CAMC_Regimental_Depot,No14_Canadian_General_Hospital<br>,
No14_Canadian_General_Hospital,CAMC_Reserve_and_Training_Depot<br>,
CAMC_Reserve_and_Training_Depot,No14_Canadian_General_Hospital<br>,
No14_Canadian_General_Hospital,CAMC_Reserve_and_Training_Depot<br>,
No14_Canadian_General_Hospital,CAMC_Reserve_and_Training_Depot<br>,
CAMC_Regimental_Depot,No14_Canadian_General_Hospital<br>,
No14_Canadian_General_Hospital,Princess_Patricia_Canadian_Red_Cross_Hospital<br>,
CETC_Seaford,No14_Canadian_General_Hospital<br>,
3rd_CCD_Seaford,No14_Canadian_General_Hospital<br>,
CAMC_Reserve_and_Training_Depot,No14_Canadian_General_Hospital<br>,
CAMC_Regimental_Depot,No14_Canadian_General_Hospital<br>,
No14_Canadian_General_Hospital,CAMC_Regimental_Depot<br>,
No5_Canadian_General_Hospital,No14_Canadian_General_Hospital<br>,
Granville_Canadian_Special_Hospital,No14_Canadian_General_Hospital<br>,
CAMC_Regimental_Depot,No14_Canadian_General_Hospital<br>,
CAMC_Reserve_and_Training_Depot,No14_Canadian_General_Hospital<br>,
CAMC_Reserve_and_Training_Depot,No14_Canadian_General_Hospital<br>,
CAMC_Regimental_Depot,No14_Canadian_General_Hospital,<br)
No14_Canadian_General_Hospital,CAMC_Regimental_Depot<br>,
No14_Canadian_General_Hospital,CAMC_Regimental_Depot<br>,
CAMC_Regimental_Depot,No14_Canadian_General_Hospital<br>,
No14_Canadian_General_Hospital,CAMC_Reserve_and_Training_Depot<br>,
Princess_Patricia_Canadian_Red_Cross_Hospital,No14_Canadian_General_Hospital<br>,
CAMC_Reserve_and_Training_Depot,No14_Canadian_General_Hospital<br>,
No14_Canadian_General_Hospital,VAD_Headquarters<br>,
No14_Canadian_General_Hospital,No7_Canadian_General_Hospital<br>,
No13_Canadian_General_Hospital,No14_Canadian_General_Hospital<br>,
Granville_Canadian_Special_Hospital,No14_Canadian_General_Hospital<br>,
CAMC_Reserve_and_Training_Depot,No14_Canadian_General_Hospital<br>,
No14_Canadian_General_Hospital,CAMC_Regimental_Depot<br>,
No14_Canadian_General_Hospital,CAMC_Reserve_and_Trainng_Depot<br>,
No13_Canadian_General_Hospital,No14_Canadian_General_Hospital<br>,
No14_Canadian_General_Hospital,Bromley_Convalescent_Hospital<br>,
CAMC_Casualty_Coy,No14_Canadian_General_Hospital<br>,
CAMC_Reserve_and_Training_Depot,No14_Canadian_General_Hospital<br>,
No14_Canadian_General_Hospital,CAMC_Regimental_Depot<br>,
No14_Canadian_General_Hospital,CAMC_Regimental_Depot<br>,
No15_Canadian_General_Hospital,No14_Canadian_General_Hospital<br>,
MAT_ARUGUATA,No14_Canadian_General_Hospital<br>,
Overseas,No14_Canadian_General_Hospital<br>,
No14_Canadian_General_Hospital,CAMC_Reserve_and_Training_Depot<br>,
No14_Canadian_General_Hospital,Bromley_Convalescent_Hospital<br>,
No14_Canadian_General_Hospital,CAMC_Casaulty_Coy<br>,
No14_Canadian_General_Hospital,CAMC_Reserve_and_Training_Depot<br>,
No14_Canadian_General_Hospital,CAMC_Reserve_and_Training_Depot<br>,
No14_Canadian_General_Hospital,Granville_Canadian_Special_Hospital<br>,
No14_Canadian_General_Hospital,Granville_Canadian_Special_Hospital<br>,
No14_Canadian_General_Hospital,No10_Canadian_General_Hospital<br>,
No14_Canadian_General_Hospital,No10_Canadian_General_Hospital<br>,
CAMC_Casualty_Coy,No14_Canadian_General_Hospital<br>,
Overseas,No14_Canadian_General_Hospital<br>,
No14_Canadian_General_Hospital,CAMC_T&T_Depot<br>,
CAMC_Casualty_Coy,No14_Canadian_General_Hospital<br>,
CAMC_Reserve_and_Training_Depot,No14_Canadian_General_Hospital<br>,
CAMC_Casaulty_Coy,No14_Canadian_General_Hospital<br>,
No14_Canadian_General_Hospital,CAMC_Casualty_Coy<br>,
CAMC_Casualty_Coy,No14_Canadian_General_Hospital<br>,
CAMC_Casualty_Coy,No14_Canadian_General_Hospital<br>,
Canadian_Special_Hospital_Lentham,No14_Canadian_General_Hospital<br>,
No14_Canadian_General_Hospital,CAMC_Reserve_and_Training_Depot<br>,
No14_Canadian_General_Hospital,CAMC_Reserve_and_Training_Depot<br>,
CAMC_Casualty_Coy,No14_Canadian_General_Hospital<br>,
CAMC_Casualty_Coy,No14_Canadian_General_Hospital<br>,
CAMC_Casualty_Coy,No14_Canadian_General_Hospital<br>,
CAMC_Casualty_Coy,No14_Canadian_General_Hospital<br>,
No14_Canadian_General_Hospital,CAMC_Casualty_Coy<br>,
No14_Canadian_General_Hospital,No5_Canadian_General_Hospital<br>,
No11_Canadian_General_Hospital,No14_Canadian_General_Hospital<br>,
Canadian_Red_Cross_Hospital,No14_Canadian_General_Hospital<br>,
No9_Canadian_General_Hospital,No14_Canadian_General_Hospital<br>,
CAMC_Casaulty_Coy,No14_Canadian_General_Hospital<br>,
No14_Canadian_General_Hospital,No19_Canadian_General_Hospital<br>,
CAMC_Casaulty_Coy,No14_Canadian_General_Hospital<br>,
CAMC_Reserve_and_Training_Depot,No14_Canadian_General_Hospital<br>,
No10_Canadian_General_Hospital,No14_Canadian_General_Hospital<br>,
CAMC_Casaulty_Coy,No14_Canadian_General_Hospital<br>,
No14_Canadian_General_Hospital,Princess_Patricia_Canadian_Red_Cross_Hospital<br>,
No14_Canadian_General_Hospital,No13_Canadian_General_Hospital<br>,
No14_Canadian_General_Hospital,CAMC_Casualty_Coy<br>,
No14_Canadian_General_Hospital,CAMC_Casualty_Coy,
CAMC_Casaulty_Coy,No14_Canadian_General_Hospital<br>,
No14_Canadian_General_Hospital,CAMC_Reserve_and_Training_Depot<br>,
CAMC_Casaulty_Coy,No14_Canadian_General_Hospital<br>,
No14_Canadian_General_Hospital,No13_Canadian_General_Hospital<br>,
No14_Canadian_General_Hospital,Granville_Canadian_Special_Hospital<br>,
No14_Canadian_General_Hospital,No13_Canadian_General_Hospital<br>,
CAMC_Reserve_and_Training_Depot,No14_Canadian_General_Hospital<br>,
No14_Canadian_General_Hospital,CAMC_Reserve_and_Training_Depot<br>,
BC_Regimental_Depot_Seaford,No14_Canadian_General_Hospital<br>,
No14_Canadian_General_Hospital,No13_Canadian_General_Hospital<br>,
No14_Canadian_General_Hospital,No4_Canadian_General_Hospital<br>,
No14_Canadian_General_Hospital,CAMC_Casaulty_Coy<br>,
No14_Canadian_General_Hospital,Canadian_Convalescent_Hospital<br>,
No14_Canadian_General_Hospital,No10_Canadian_General_Hospital<br>,
CAMC_Casualty_Coy,No14_Canadian_General_Hospital<br>,
No13_Canadian_General_Hospital,No14_Canadian_General_Hospital<br>,
No14_Canadian_General_Hospital,CAMC_Reserve_and_Training_Depot<br>,
CAMC_Casualty_Coy,No14_Canadian_General_Hospital<br>,
No14_Canadian_General_Hospital,CAMC_Reserve_and_Training_Depot<br>,
No14_Canadian_General_Hospital,CAMC_Casualty_Coy<br>,
No14_Canadian_General_Hospital,No11_Canadian_General_Hospital<br>,
No14_Canadian_General_Hospital,CAMC_Casualty_Coy<br>,
CAMC_Casualty_Coy,No14_Canadian_General_Hospital<br>,
CAMC_Casualty_Coy,No14_Canadian_General_Hospital<br>,
CAMC_Casualty_Coy,No14_Canadian_General_Hospital<br>,
No9_Canadian_General_Hospital,No14_Canadian_General_Hospital<br>,
Canadian_Red_Cross_Hospital,No14_Canadian_General_Hospital<br>,
CEF,No14_Canadian_General_Hospital<br>,
CEF,No14_Canadian_General_Hospital<br>,